<Array>
<Name>Value</Name>
<Dimsize>5</Dimsize>
<Cluster>
<Name>Cluster</Name>
<NumElts>3</NumElts>
<String>
<Name>Name</Name>
<Val>rtats01b</Val>
</String>
<I8>
<Name>Rank</Name>
<Val>1</Val>
</I8>
<U16>
<Name>OS</Name>
<Val>1</Val>
</U16>
</Cluster>
<Cluster>
<Name>Cluster</Name>
<NumElts>3</NumElts>
<String>
<Name>Name</Name>
<Val>rtats02b</Val>
</String>
<I8>
<Name>Rank</Name>
<Val>1</Val>
</I8>
<U16>
<Name>OS</Name>
<Val>4</Val>
</U16>
</Cluster>
<Cluster>
<Name>Cluster</Name>
<NumElts>3</NumElts>
<String>
<Name>Name</Name>
<Val>rtats03b</Val>
</String>
<I8>
<Name>Rank</Name>
<Val>1</Val>
</I8>
<U16>
<Name>OS</Name>
<Val>4</Val>
</U16>
</Cluster>
<Cluster>
<Name>Cluster</Name>
<NumElts>3</NumElts>
<String>
<Name>Name</Name>
<Val>rtats04b</Val>
</String>
<I8>
<Name>Rank</Name>
<Val>1</Val>
</I8>
<U16>
<Name>OS</Name>
<Val>4</Val>
</U16>
</Cluster>
<Cluster>
<Name>Cluster</Name>
<NumElts>3</NumElts>
<String>
<Name>Name</Name>
<Val>rtats05b</Val>
</String>
<I8>
<Name>Rank</Name>
<Val>1</Val>
</I8>
<U16>
<Name>OS</Name>
<Val>4</Val>
</U16>
</Cluster>
</Array>
