<?xml version="1.0" encoding="utf-8" standalone="no" ?><targets>
  <target>
    <name>rtats-cfp-2120</name>
    <in_use>0</in_use>
    <user>overlord</user>
    <pool0>0</pool0>
    <property0>pharlap</property0>
    <property1>cfp</property1>
    <time>9/24/2015 1:16:31 PM</time>
    <property2>nosse</property2>
    <property3>rt</property3>
    <property4>singlecore</property4>
  </target>
  <target>
    <name>rtats-cfp-2220</name>
    <in_use>1</in_use>
    <user>reserved</user>
    <pool0>1</pool0>
    <property0>vxworks</property0>
    <property1>cfp</property1>
    <property2>rt</property2>
    <time>10/15/2013 5:21:28 AM</time>
  </target>
  <target>
    <name>rtats-crio-9014</name>
    <in_use>1</in_use>
    <user>eol</user>
    <pool0>B</pool0>
    <property0>vxworks</property0>
    <property1>crio</property1>
    <property2>rt</property2>
    <time>1/25/2019 1:35:56 PM</time>
    <pool1>A</pool1>
  <pool2>C</pool2><pool3>D</pool3></target>
  <target>
    <name>rtats-crio-9022</name>
    <in_use>1</in_use>
    <user>overlord</user>
    <pool0>A</pool0>
    <property0>vxworks</property0>
    <property1>rt</property1>
    <time>9/12/2019 10:59:10 PM</time>
    <property2>crio</property2>
    <pool1>B</pool1>
  <pool2>C</pool2><pool3>D</pool3></target>
  <target>
    <name>rtats-crio-9024</name>
    <in_use>0</in_use>
    <user>overlord</user>
    <pool0>C</pool0>
    <property0>vxworks</property0>
    <property1>crio</property1>
    <time>9/7/2019 12:53:56 PM</time>
    <property2>rt</property2>
    <pool1>D</pool1>
  <pool2>A</pool2><pool3>B</pool3></target>
  <target>
    <name>rtats-crio-9074</name>
    <in_use>1</in_use>
    <user>doug-investigation</user>
    <pool0>D</pool0>
    <property0>vxworks</property0>
    <property1>crio</property1>
    <time>10/13/2016 4:53:49 PM</time>
    <property2>rt</property2>
    <pool1>A</pool1>
  <pool2>B</pool2><pool3>C</pool3></target>
  <target>
    <name>rtats-crio-9081</name>
    <in_use>1</in_use>
    <user>chris</user>
    <pool0>1</pool0>
    <property0>crio</property0>
    <property1>pharlap</property1>
    <time>11/24/2014 1:36:22 PM</time>
    <property2>rt</property2>
  </target>
  <target>
    <name>rtats-pxi-8108</name>
    <in_use>1</in_use>
    <user>doug (performance)</user>
    <pool0>A</pool0>
    <property0>pharlap</property0>
    <property1>pxi</property1>
    <property2>smp</property2>
    <property3>rt</property3>
    <time>5/20/2016 4:14:02 PM</time>
    <pool1>B</pool1>
  <pool2>C</pool2><pool3>D</pool3></target>
  <target>
    <name>rtats-pxi-8110--1</name>
    <in_use>0</in_use>
    <user>overlord</user>
    <pool0>B</pool0>
    <property0>pharlap</property0>
    <property1>pxi</property1>
    <property2>smp</property2>
    <time>9/6/2019 12:49:18 AM</time>
    <property3>rt</property3>
    <pool1>C</pool1>
  <pool2>D</pool2><pool3>A</pool3></target>
  <target>
    <name>rtats-pxi-8110--2</name>
    <in_use>0</in_use>
    <user>overlord</user>
    <pool0>C</pool0>
    <property0>pharlap</property0>
    <property1>pxi</property1>
    <property2>smp</property2>
    <time>9/7/2019 12:53:56 PM</time>
    <property3>rt</property3>
    <pool1>D</pool1>
  <pool2>A</pool2><pool3>B</pool3></target>
  <target>
    <name>rtats-pxi-8115</name>
    <in_use>0</in_use>
    <user>overlord</user>
    <pool0>A</pool0>
    <property0>pharlap</property0>
    <property1>pxi</property1>
    <property2>smp</property2>
    <time>9/13/2019 1:17:10 AM</time>
	<pool1>B</pool1>
  <pool2>C</pool2><pool3>D</pool3></target>
  <target>
    <name>rtats-pxi-8133</name>
    <in_use>1</in_use>
    <user>doug - investigation</user>
    <pool0>A</pool0>
    <property0>pharlap</property0>
    <property1>pxi</property1>
    <property2>smp</property2>
    <property3>rt</property3>
    <time>9/15/2016 10:13:48 AM</time>
    <pool1>B</pool1>
  <pool2>C</pool2><pool3>D</pool3></target>
  <target>
    <name>rtats-pxi-8187</name>
    <in_use>1</in_use>
    <user>retired?</user>
    <property0>pharlap</property0>
    <property1>pxi</property1>
    <time>1/13/2015 11:41:59 AM</time>
    <property2>rt</property2>
    <property3>singlecore</property3>
    <pool0>2</pool0>
  </target>
  <target>
    <name>rtats-pxi-8196</name>
    <in_use>1</in_use>
    <user>onlinecheck</user>
    <pool0>1</pool0>
    <property0>pxi</property0>
    <property1>pharlap</property1>
    <time>4/3/2014 4:21:15 PM</time>
    <property2>rt</property2>
    <property3>singlecore</property3>
  </target>
  <target>
    <name>rtats-rtd-p3</name>
    <in_use>1</in_use>
    <user>doug</user>
    <pool0>1</pool0>
    <property0>pharlap</property0>
    <property1>rtd</property1>
    <time>12/19/2014 5:40:51 PM</time>
    <property2>rt</property2>
    <property3>singlecore</property3>
  </target>
  <target>
    <name>rtats-rtd-quad</name>
    <in_use>1</in_use>
    <user>disabled_badhw?</user>
    <property0>pharlap</property0>
    <property1>rtd</property1>
    <property2>smp</property2>
    <time>10/14/2013 6:09:15 PM</time>
    <property3>rt</property3>
    <pool0>1</pool0>
  </target>
  <target>
    <name>rtats-sbrio-9602</name>
    <in_use>0</in_use>
    <user>overlord</user>
    <pool0>core</pool0>
    <property0>vxworks</property0>
    <property1>crio</property1>
    <property2>rt</property2>
    <property3>sbrio</property3>
    <time>9/5/2019 7:34:47 AM</time>
	<property4>singlecore</property4></target>
  <target>
    <name>rtats-crio-9068--1</name>
    <in_use>0</in_use>
    <user>overlord</user>
    <pool0>A</pool0>
    <property0>rtlinux</property0>
    <property1>rt</property1>
    <property2>arm</property2>
    <time>9/11/2019 11:16:02 PM</time>
    <pool1>B</pool1>
  <pool2>C</pool2><pool3>D</pool3></target>
  <target>
    <name>rtats-crio-9068--2</name>
    <in_use>0</in_use>
    <user>overlord</user>
    <pool0>B</pool0>
    <property0>rtlinux</property0>
    <time>9/7/2019 12:52:56 PM</time>
    <property1>rt</property1>
    <property2>arm</property2>
    <pool1>C</pool1>
  <pool2>D</pool2><pool3>A</pool3></target>
  <target>
    <name>rtats-crio-9068--3</name>
    <in_use>1</in_use>
    <user>overlord</user>
    <pool0>C</pool0>
    <property0>rtlinux</property0>
    <time>9/12/2019 10:59:10 PM</time>
    <property1>rt</property1>
    <property2>arm</property2>
    <pool1>D</pool1>
  <pool2>A</pool2><pool3>B</pool3></target>
  <target>
    <name>rtats-crio-9068--4</name>
    <in_use>0</in_use>
    <user>overlord</user>
    <pool0>D</pool0>
    <property0>rtlinux</property0>
    <time>9/12/2019 3:12:17 PM</time>
    <property1>rt</property1>
    <property2>arm</property2>
    <pool1>A</pool1>
  <pool2>B</pool2><pool3>C</pool3></target>
  <target>
    <name>rtats-crio-9067</name>
    <in_use>1</in_use>
    <user>reservedforusb</user>
    <pool0>1</pool0>
    <property0>rtlinux</property0>
    <time>4/23/2014 7:54:32 AM</time>
    <property1>rt</property1>
    <property2>arm</property2>
  </target>
  <target>
    <name>rtats-smasherVM--1</name>
    <in_use>0</in_use>
    <user>overlord</user>
    <pool0/>
    <property0>rtlinux</property0>
    <time>7/6/2018 11:35:30 AM</time>
    <property1>rt</property1>
    <property2>x64</property2>
    <property3>ui</property3>
  </target>
  <target>
    <name>rtats-smasherVM--2</name>
    <in_use>0</in_use>
    <user/>
    <pool0>none</pool0>
    <property0>rtlinux</property0>
    <time>6/7/2013 11:17:47 AM</time>
    <property1>rt</property1>
    <property2>x64</property2>
    <property3>ui</property3>
  </target>
  <target>
    <name>rtats-crio-9031--1</name>
    <in_use>0</in_use>
    <user>overlord</user>
    <pool0>B</pool0>
    <property0>rtlinux</property0>
    <time>9/12/2019 10:59:27 PM</time>
    <property1>rt</property1>
    <property2>x64</property2>
    <property3>ui</property3>
  <pool1>D</pool1></target>
  <target>
    <name>rtats-crio-9031--2</name>
    <in_use>0</in_use>
    <user>overlord</user>
    <pool0>A</pool0>
    <property0>rtlinux</property0>
    <time>9/11/2019 11:13:31 PM</time>
    <property1>rt</property1>
    <property2>nonui</property2>
    <property3>x64</property3>
  <pool1>C</pool1></target>
  <target>
    <name>rtats-crio-9033--1</name>
    <in_use>0</in_use>
    <user>overlord</user>
    <pool0>D</pool0>
    <property0>rtlinux</property0>
    <time>9/6/2019 12:10:31 AM</time>
    <property1>rt</property1>
    <property2>x64</property2>
	<property3>ui</property3>
  <pool1>B</pool1></target>
  <target>
    <name>rtats-crio-9033--2</name>
    <in_use>0</in_use>
    <user>overlord</user>
    <pool0>C</pool0>
    <property0>rtlinux</property0>
    <time>9/10/2019 2:58:19 PM</time>
    <property1>rt</property1>
    <property2>nonui</property2>
    <property3>x64</property3>
  <pool1>A</pool1></target>
  <target>
    <name>rtats-smasherA--1</name>
    <in_use>1</in_use>
    <user>reserved</user>
    <pool0>1</pool0>
    <property0>rtlinux</property0>
    <time>8/7/2014 3:00:50 PM</time>
    <property1>rt</property1>
    <property2>x64</property2>
    <property3>ui</property3>
  </target>
  <target>
    <name>rtint-crio-9002</name>
    <in_use>0</in_use>
    <user>overlord</user>
    <pool0>int</pool0>
    <property0>pharlap</property0>
    <property1>crio</property1>
    <time>6/7/2012 12:19:56 PM</time>
    <property2>rt</property2>
    <property3>singlecore</property3>
  </target>
  <target>
    <name>rtint-crio-9074</name>
    <in_use>0</in_use>
    <user>overlord</user>
    <property0>vxworks</property0>
    <property1>crio</property1>
    <time>5/13/2019 11:07:11 PM</time>
    <property2>rt</property2>
  </target>
  <target>
    <name>rtint-pxi-8175</name>
    <in_use>0</in_use>
    <user>overlord</user>
    <pool0>int</pool0>
    <property0>pharlap</property0>
    <property1>pxi</property1>
    <time>6/7/2012 12:29:26 PM</time>
    <property2>rt</property2>
    <property3>singlecore</property3>
  </target>
  <target>
    <name>localhost</name>
    <in_use>0</in_use>
    <user/>
    <pool0>A</pool0>
    <pool1>B</pool1>
    <property0>windows</property0>
    <time>4/25/2019 4:55:16 AM</time>
    <property1>host</property1>
    <pool2>C</pool2>
  <pool3>D</pool3><pool4>myrio</pool4></target>
  <target>
    <name>rtats-crio-9082</name>
    <in_use>0</in_use>
    <user>overlord</user>
    <pool0>core</pool0>
    <property0>pharlap</property0>
    <property1>rt</property1>
    <property2>crio</property2>
    <property3>smp</property3>
    <property4>singlecore</property4>
    <time>9/5/2019 11:04:21 AM</time>
  </target>
  <target>
    <name>rtats-crio-9068--5</name>
    <in_use>0</in_use>
    <user>overlord</user>
    <pool0>core</pool0>
    <property0>rtlinux</property0>
    <property1>rt</property1>
    <property2>arm</property2>
    <time>9/5/2019 3:46:13 PM</time>
  </target>
  <target>
    <name>rtats-pxi-8135</name>
    <in_use>0</in_use>
    <user>overlord</user>
    <pool0>B</pool0>
    <property0>pharlap</property0>
    <property1>pxi</property1>
    <property2>smp</property2>
    <property3>rt</property3>
    <time>9/12/2019 2:57:41 PM</time>
    <pool1>A</pool1>
  <pool2>C</pool2><pool3>D</pool3></target>
<target>
  <name>rtats-crio-9024--2</name>
  <in_use>0</in_use>
  <user>overlord</user>
  <pool0>A</pool0>
  <pool1>B</pool1>
  <pool2>C</pool2>
  <pool3>D</pool3>
  <property0>vxworks</property0>
  <property1>crio</property1>
  <property2>rt</property2>
  <time>9/12/2019 3:42:08 AM</time></target>
<target>
  <name>rtats-crio-9039</name>
  <in_use>0</in_use>
  <user>overlord</user>
  <pool0>core</pool0>
  <tag0/><property0>rtlinux</property0>
  <property1>rt</property1>
  <property2>x64</property2>
  <time>9/5/2019 1:21:37 AM</time>
  </target>
<target>
  <name>rtats-crio-9045</name>
  <in_use>0</in_use>
  <user>overlord</user>
  <pool0>A</pool0>
  <property0>rtlinux</property0>
  <property1>rt</property1>
  <property2>x64</property2>
  <time>9/12/2019 10:59:42 PM</time>
  <property3>nonui</property3>
  <pool1>c</pool1>
  </target>
<target><name>rtats-crio-9047</name>
  <in_use>0</in_use>
  <user>overlord</user>
  <pool0>B</pool0>
  <property0>rtlinux</property0>
  <property1>rt</property1>
  <property2>x64</property2>
  <time>9/6/2019 12:27:27 AM</time>
  <property3>ui</property3>
  <pool1>D</pool1>
 </target>
<target><name>rtats-pxi-linux-8135</name>
  <in_use>0</in_use>
  <user>overlord</user>
  <pool0>A</pool0>
  <pool1>B</pool1>
  <property0>rtlinux</property0>
  <property1>rt</property1>
  <property2>PXI_linux</property2>
  <time>9/13/2019 1:39:08 AM</time>
 </target>

</targets>