<Array>
<Name>Value</Name>
<Dimsize>6</Dimsize>
<Cluster>
<Name>Cluster</Name>
<NumElts>10</NumElts>
<I32>
<Name>Hr</Name>
<Val>10</Val>
</I32>
<Array>
<Name>Days</Name>
<Dimsize>2</Dimsize>
<U16>
<Name>Ring</Name>
<Val>0</Val>
</U16>
<U16>
<Name>Ring</Name>
<Val>4</Val>
</U16>
</Array>
<I8>
<Name>Host Load Threshold</Name>
<Val>1</Val>
</I8>
<I32>
<Name>Min</Name>
<Val>0</Val>
</I32>
<I32>
<Name>Sec</Name>
<Val>0</Val>
</I32>
<String>
<Name>Config Name</Name>
<Val>2020 Daily A</Val>
</String>
<Array>
<Name>Build Triggers</Name>
<Dimsize>2</Dimsize>
<String>
<Name>Build Triggers</Name>
<Val>RT_2020</Val>
</String>
<String>
<Name>Build Triggers</Name>
<Val>LV_2020</Val>
</String>
</Array>
<Boolean>
<Name>Any</Name>
<Val>1</Val>
</Boolean>
<Cluster>
<Name>Config Data</Name>
<NumElts>6</NumElts>
<Path>
<Name>Host List</Name>
<Val>D:\Test Management\Overlord\Host Lists\VM_A.xml</Val>
</Path>
<Path>
<Name>Tests List</Name>
<Val>D:\Test Management\Overlord\Tests Lists\Daily2020.xml</Val>
</Path>
<Path>
<Name>Target List</Name>
<Val>D:\Test Management\Overlord\Target Lists\All.xml</Val>
</Path>
<Path>
<Name>Script Template (ini)</Name>
<Val>D:\Test Management\Overlord\Script Templates\ATS_2020.ini</Val>
</Path>
<Path>
<Name>Environment Variables</Name>
<Val>D:\Test Management\Overlord\Environment Variables\Main2020vm.xml</Val>
</Path>
<String>
<Name>Pool</Name>
<Val>A</Val>
</String>
</Cluster>
<Boolean>
<Name>Smart Sort Targets?</Name>
<Val>1</Val>
</Boolean>
</Cluster>
<Cluster>
<Name>Cluster</Name>
<NumElts>10</NumElts>
<I32>
<Name>Hr</Name>
<Val>10</Val>
</I32>
<Array>
<Name>Days</Name>
<Dimsize>2</Dimsize>
<U16>
<Name>Ring</Name>
<Val>2</Val>
</U16>
<U16>
<Name>Ring</Name>
<Val>5</Val>
</U16>
</Array>
<I8>
<Name>Host Load Threshold</Name>
<Val>1</Val>
</I8>
<I32>
<Name>Min</Name>
<Val>0</Val>
</I32>
<I32>
<Name>Sec</Name>
<Val>0</Val>
</I32>
<String>
<Name>Config Name</Name>
<Val>2020 Daily B</Val>
</String>
<Array>
<Name>Build Triggers</Name>
<Dimsize>2</Dimsize>
<String>
<Name>Build Triggers</Name>
<Val>RT_2020</Val>
</String>
<String>
<Name>Build Triggers</Name>
<Val>LV_2020</Val>
</String>
</Array>
<Boolean>
<Name>Any</Name>
<Val>1</Val>
</Boolean>
<Cluster>
<Name>Config Data</Name>
<NumElts>6</NumElts>
<Path>
<Name>Host List</Name>
<Val>D:\Test Management\Overlord\Host Lists\VM_B.xml</Val>
</Path>
<Path>
<Name>Tests List</Name>
<Val>D:\Test Management\Overlord\Tests Lists\Daily2020UI.xml</Val>
</Path>
<Path>
<Name>Target List</Name>
<Val>D:\Test Management\Overlord\Target Lists\All.xml</Val>
</Path>
<Path>
<Name>Script Template (ini)</Name>
<Val>D:\Test Management\Overlord\Script Templates\ATS_2020.ini</Val>
</Path>
<Path>
<Name>Environment Variables</Name>
<Val>D:\Test Management\Overlord\Environment Variables\Main2020vm.xml</Val>
</Path>
<String>
<Name>Pool</Name>
<Val>B</Val>
</String>
</Cluster>
<Boolean>
<Name>Smart Sort Targets?</Name>
<Val>1</Val>
</Boolean>
</Cluster>
<Cluster>
<Name>Cluster</Name>
<NumElts>10</NumElts>
<I32>
<Name>Hr</Name>
<Val>10</Val>
</I32>
<Array>
<Name>Days</Name>
<Dimsize>1</Dimsize>
<U16>
<Name>Ring</Name>
<Val>3</Val>
</U16>
</Array>
<I8>
<Name>Host Load Threshold</Name>
<Val>4</Val>
</I8>
<I32>
<Name>Min</Name>
<Val>0</Val>
</I32>
<I32>
<Name>Sec</Name>
<Val>0</Val>
</I32>
<String>
<Name>Config Name</Name>
<Val>2019 Sp1  Core</Val>
</String>
<Array>
<Name>Build Triggers</Name>
<Dimsize>1</Dimsize>
<String>
<Name>Build Triggers</Name>
<Val>LV_2019</Val>
</String>
</Array>
<Boolean>
<Name>Any</Name>
<Val>1</Val>
</Boolean>
<Cluster>
<Name>Config Data</Name>
<NumElts>6</NumElts>
<Path>
<Name>Host List</Name>
<Val>D:\Test Management\Overlord\Host Lists\Main_Core.xml</Val>
</Path>
<Path>
<Name>Tests List</Name>
<Val>D:\Test Management\Overlord\Tests Lists\Core2019Sp1.xml</Val>
</Path>
<Path>
<Name>Target List</Name>
<Val>D:\Test Management\Overlord\Target Lists\All.xml</Val>
</Path>
<Path>
<Name>Script Template (ini)</Name>
<Val>D:\Test Management\Overlord\Script Templates\2019_CoreSp1.ini</Val>
</Path>
<Path>
<Name>Environment Variables</Name>
<Val>D:\Test Management\Overlord\Environment Variables\Core2019Sp1vm.xml</Val>
</Path>
<String>
<Name>Pool</Name>
<Val>core</Val>
</String>
</Cluster>
<Boolean>
<Name>Smart Sort Targets?</Name>
<Val>1</Val>
</Boolean>
</Cluster>
<Cluster>
<Name>Cluster</Name>
<NumElts>10</NumElts>
<I32>
<Name>Hr</Name>
<Val>10</Val>
</I32>
<Array>
<Name>Days</Name>
<Dimsize>1</Dimsize>
<U16>
<Name>Ring</Name>
<Val>1</Val>
</U16>
</Array>
<I8>
<Name>Host Load Threshold</Name>
<Val>1</Val>
</I8>
<I32>
<Name>Min</Name>
<Val>0</Val>
</I32>
<I32>
<Name>Sec</Name>
<Val>0</Val>
</I32>
<String>
<Name>Config Name</Name>
<Val>2019 SP1 Daily C</Val>
</String>
<Array>
<Name>Build Triggers</Name>
<Dimsize>2</Dimsize>
<String>
<Name>Build Triggers</Name>
<Val>LV_2019</Val>
</String>
<String>
<Name>Build Triggers</Name>
<Val>RT_2019</Val>
</String>
</Array>
<Boolean>
<Name>Any</Name>
<Val>1</Val>
</Boolean>
<Cluster>
<Name>Config Data</Name>
<NumElts>6</NumElts>
<Path>
<Name>Host List</Name>
<Val>D:\Test Management\Overlord\Host Lists\VM_C.xml</Val>
</Path>
<Path>
<Name>Tests List</Name>
<Val>D:\Test Management\Overlord\Tests Lists\Daily2019.xml</Val>
</Path>
<Path>
<Name>Target List</Name>
<Val>D:\Test Management\Overlord\Target Lists\All.xml</Val>
</Path>
<Path>
<Name>Script Template (ini)</Name>
<Val>D:\Test Management\Overlord\Script Templates\ATS_2019sp1.ini</Val>
</Path>
<Path>
<Name>Environment Variables</Name>
<Val>D:\Test Management\Overlord\Environment Variables\Main2019SP1vm.xml</Val>
</Path>
<String>
<Name>Pool</Name>
<Val>C</Val>
</String>
</Cluster>
<Boolean>
<Name>Smart Sort Targets?</Name>
<Val>1</Val>
</Boolean>
</Cluster>
<Cluster>
<Name>Cluster</Name>
<NumElts>10</NumElts>
<I32>
<Name>Hr</Name>
<Val>10</Val>
</I32>
<Array>
<Name>Days</Name>
<Dimsize>1</Dimsize>
<U16>
<Name>Ring</Name>
<Val>3</Val>
</U16>
</Array>
<I8>
<Name>Host Load Threshold</Name>
<Val>1</Val>
</I8>
<I32>
<Name>Min</Name>
<Val>0</Val>
</I32>
<I32>
<Name>Sec</Name>
<Val>0</Val>
</I32>
<String>
<Name>Config Name</Name>
<Val>2019 Sp1  Daily  D</Val>
</String>
<Array>
<Name>Build Triggers</Name>
<Dimsize>2</Dimsize>
<String>
<Name>Build Triggers</Name>
<Val>LV_2019</Val>
</String>
<String>
<Name>Build Triggers</Name>
<Val>RT_2019</Val>
</String>
</Array>
<Boolean>
<Name>Any</Name>
<Val>1</Val>
</Boolean>
<Cluster>
<Name>Config Data</Name>
<NumElts>6</NumElts>
<Path>
<Name>Host List</Name>
<Val>D:\Test Management\Overlord\Host Lists\VM_D.xml</Val>
</Path>
<Path>
<Name>Tests List</Name>
<Val>D:\Test Management\Overlord\Tests Lists\Daily2019UI.xml</Val>
</Path>
<Path>
<Name>Target List</Name>
<Val>D:\Test Management\Overlord\Target Lists\All.xml</Val>
</Path>
<Path>
<Name>Script Template (ini)</Name>
<Val>D:\Test Management\Overlord\Script Templates\ATS_2019sp1.ini</Val>
</Path>
<Path>
<Name>Environment Variables</Name>
<Val>D:\Test Management\Overlord\Environment Variables\Core2019Sp1vm.xml</Val>
</Path>
<String>
<Name>Pool</Name>
<Val>D</Val>
</String>
</Cluster>
<Boolean>
<Name>Smart Sort Targets?</Name>
<Val>1</Val>
</Boolean>
</Cluster>
<Cluster>
<Name>Cluster</Name>
<NumElts>10</NumElts>
<I32>
<Name>Hr</Name>
<Val>10</Val>
</I32>
<Array>
<Name>Days</Name>
<Dimsize>1</Dimsize>
<U16>
<Name>Ring</Name>
<Val>0</Val>
</U16>
</Array>
<I8>
<Name>Host Load Threshold</Name>
<Val>4</Val>
</I8>
<I32>
<Name>Min</Name>
<Val>0</Val>
</I32>
<I32>
<Name>Sec</Name>
<Val>0</Val>
</I32>
<String>
<Name>Config Name</Name>
<Val>2020 Core</Val>
</String>
<Array>
<Name>Build Triggers</Name>
<Dimsize>1</Dimsize>
<String>
<Name>Build Triggers</Name>
<Val>LV_2020</Val>
</String>
</Array>
<Boolean>
<Name>Any</Name>
<Val>1</Val>
</Boolean>
<Cluster>
<Name>Config Data</Name>
<NumElts>6</NumElts>
<Path>
<Name>Host List</Name>
<Val>D:\Test Management\Overlord\Host Lists\Main_Core.xml</Val>
</Path>
<Path>
<Name>Tests List</Name>
<Val>D:\Test Management\Overlord\Tests Lists\Core2020.xml</Val>
</Path>
<Path>
<Name>Target List</Name>
<Val>D:\Test Management\Overlord\Target Lists\All.xml</Val>
</Path>
<Path>
<Name>Script Template (ini)</Name>
<Val>D:\Test Management\Overlord\Script Templates\2020_Core.ini</Val>
</Path>
<Path>
<Name>Environment Variables</Name>
<Val>D:\Test Management\Overlord\Environment Variables\Core2020vm.xml</Val>
</Path>
<String>
<Name>Pool</Name>
<Val>core</Val>
</String>
</Cluster>
<Boolean>
<Name>Smart Sort Targets?</Name>
<Val>1</Val>
</Boolean>
</Cluster>
</Array>
