<Cluster>
<Name>Value</Name>
<NumElts>4</NumElts>
<Cluster>
<Name>Local Paths</Name>
<NumElts>2</NumElts>
<Path>
<Name>Test List Base Path</Name>
<Val>\\rtimgserver\RTATS Scripts\Test\Test List</Val>
</Path>
<Path>
<Name>Script Output Base Path</Name>
<Val>\\us-aus-rtweb1\ScriptINI\Test</Val>
</Path>
</Cluster>
<Cluster>
<Name>Test Machine Constants</Name>
<NumElts>8</NumElts>
<String>
<Name>LVDE 64</Name>
<Val>C:\Program Files (x86)\National Instruments\LabVIEW 2020\labview.exe</Val>
</String>
<String>
<Name>FarmerSetUse.exe Path (incl. trailing \)</Name>
<Val>\\us-aus-rtweb1\Resources\Apps\</Val>
</String>
<String>
<Name>LVDE x86</Name>
<Val>C:\Program Files\National Instruments\LabVIEW 2020\labview.exe</Val>
</String>
<String>
<Name>RTATS Path (incl. trailing \)</Name>
<Val>C:\sync\penguin\2020\test\trunk\executor\LVRT_ATS\</Val>
</String>
<String>
<Name>RTATS command</Name>
<Val>RTATS.exe</Val>
</String>
<String>
<Name>NO OP - NOW SET BY TESTS: Report Folder </Name>
<Val></Val>
</String>
<String>
<Name>Merge Command</Name>
<Val>C:\sync\penguin\2020\test\trunk\CommonSubVIs\Tools\List_Management\Merge_Lists\Merge_Lists.exe</Val>
</String>
<Array>
<Name>Smart Sort Properties</Name>
<Dimsize>1</Dimsize>
<String>
<Name>String</Name>
<Val>x64</Val>
</String>
</Array>
</Cluster>
<String>
<Name>Image Server Address</Name>
<Val>us-aus-vsrt1</Val>
</String>
<U16>
<Name>Port</Name>
<Val>5555</Val>
</U16>
</Cluster>
